Title,URL
What is Article Submission?,https://www.digitalvidya.com/blog/
No title found,https://www.digitalvidya.com/blog/article-submission-sites/#comment-440277
No title found,https://www.digitalvidya.com/blog/article-submission-sites/#comment-443087
No title found,https://www.digitalvidya.com/blog/article-submission-sites/#comment-442702
No title found,https://www.digitalvidya.com/blog/article-submission-sites/#comment-443088
No title found,https://www.digitalvidya.com/blog/article-submission-sites/#comment-442746
No title found,https://www.digitalvidya.com/blog/article-submission-sites/#comment-443090
No title found,https://www.digitalvidya.com/blog/article-submission-sites/#comment-443555
No title found,https://www.digitalvidya.com/blog/article-submission-sites/#comment-443584
No title found,https://www.digitalvidya.com/blog/article-submission-sites/#comment-445553
No title found,https://www.digitalvidya.com/blog/article-submission-sites/#comment-446228
No title found,https://www.digitalvidya.com/blog/article-submission-sites/#comment-446336
No title found,https://www.digitalvidya.com/blog/article-submission-sites/#comment-446760
No title found,https://www.digitalvidya.com/blog/article-submission-sites/#comment-447049
No title found,https://www.digitalvidya.com/blog/article-submission-sites/#comment-447152
No title found,https://www.digitalvidya.com/blog/article-submission-sites/#comment-449338
No title found,https://www.digitalvidya.com/blog/article-submission-sites/#comment-450224
No title found,https://www.digitalvidya.com/blog/article-submission-sites/#comment-550634
No title found,https://www.digitalvidya.com/blog/article-submission-sites/#comment-450231
No title found,https://www.digitalvidya.com/blog/article-submission-sites/#comment-450390
No title found,https://www.digitalvidya.com/blog/article-submission-sites/#comment-450723
No title found,https://www.digitalvidya.com/blog/article-submission-sites/#comment-451016
No title found,https://www.digitalvidya.com/blog/article-submission-sites/#comment-451874
No title found,https://www.digitalvidya.com/blog/article-submission-sites/#comment-452434
No title found,https://www.digitalvidya.com/blog/article-submission-sites/#comment-452584
No title found,https://www.digitalvidya.com/blog/article-submission-sites/#comment-452714
No title found,https://www.digitalvidya.com/blog/article-submission-sites/#comment-454391
No title found,https://www.digitalvidya.com/blog/article-submission-sites/#comment-454675
No title found,https://www.digitalvidya.com/blog/article-submission-sites/#comment-454748
No title found,https://www.digitalvidya.com/blog/article-submission-sites/#comment-455627
No title found,https://www.digitalvidya.com/blog/article-submission-sites/#comment-456099
No title found,https://www.digitalvidya.com/blog/article-submission-sites/#comment-456287
No title found,https://www.digitalvidya.com/blog/article-submission-sites/#comment-457707
No title found,https://www.digitalvidya.com/blog/article-submission-sites/#comment-458976
No title found,https://www.digitalvidya.com/blog/article-submission-sites/#comment-459579
No title found,https://www.digitalvidya.com/blog/article-submission-sites/#comment-459629
No title found,https://www.digitalvidya.com/blog/article-submission-sites/#comment-459890
No title found,https://www.digitalvidya.com/blog/article-submission-sites/#comment-460130
No title found,https://www.digitalvidya.com/blog/article-submission-sites/#comment-460339
No title found,https://www.digitalvidya.com/blog/article-submission-sites/#comment-460460
No title found,https://www.digitalvidya.com/blog/article-submission-sites/#comment-460867
No title found,https://www.digitalvidya.com/blog/article-submission-sites/#comment-462118
No title found,https://www.digitalvidya.com/blog/article-submission-sites/#comment-462437
No title found,https://www.digitalvidya.com/blog/article-submission-sites/#comment-463138
No title found,https://www.digitalvidya.com/blog/article-submission-sites/#comment-463665
No title found,https://www.digitalvidya.com/blog/article-submission-sites/#comment-463790
No title found,https://www.digitalvidya.com/blog/article-submission-sites/#comment-463885
No title found,https://www.digitalvidya.com/blog/article-submission-sites/#comment-463911
No title found,https://www.digitalvidya.com/blog/article-submission-sites/#comment-464168
No title found,https://www.digitalvidya.com/blog/article-submission-sites/#comment-464178
No title found,https://www.digitalvidya.com/blog/article-submission-sites/#comment-464982
No title found,https://www.digitalvidya.com/blog/article-submission-sites/#comment-465497
No title found,https://www.digitalvidya.com/blog/article-submission-sites/#comment-465536
No title found,https://www.digitalvidya.com/blog/article-submission-sites/#comment-465671
No title found,https://www.digitalvidya.com/blog/article-submission-sites/#comment-465693
No title found,https://www.digitalvidya.com/blog/article-submission-sites/#comment-466617
No title found,https://www.digitalvidya.com/blog/article-submission-sites/#comment-466883
No title found,https://www.digitalvidya.com/blog/article-submission-sites/#comment-469515
No title found,https://www.digitalvidya.com/blog/article-submission-sites/#comment-469516
No title found,https://www.digitalvidya.com/blog/article-submission-sites/#comment-469518
No title found,https://www.digitalvidya.com/blog/article-submission-sites/#comment-469995
No title found,https://www.digitalvidya.com/blog/article-submission-sites/#comment-470232
No title found,https://www.digitalvidya.com/blog/article-submission-sites/#comment-470424
No title found,https://www.digitalvidya.com/blog/article-submission-sites/#comment-470989
No title found,https://www.digitalvidya.com/blog/article-submission-sites/#comment-471061
No title found,https://www.digitalvidya.com/blog/article-submission-sites/#comment-471332
No title found,https://www.digitalvidya.com/blog/article-submission-sites/#comment-471333
No title found,https://www.digitalvidya.com/blog/article-submission-sites/#comment-471334
No title found,https://www.digitalvidya.com/blog/article-submission-sites/#comment-471516
No title found,https://www.digitalvidya.com/blog/article-submission-sites/#comment-471816
No title found,https://www.digitalvidya.com/blog/article-submission-sites/#comment-471817
No title found,https://www.digitalvidya.com/blog/article-submission-sites/#comment-471825
No title found,https://www.digitalvidya.com/blog/article-submission-sites/#comment-471888
No title found,https://www.digitalvidya.com/blog/article-submission-sites/#comment-471989
No title found,https://www.digitalvidya.com/blog/article-submission-sites/#comment-472257
No title found,https://www.digitalvidya.com/blog/article-submission-sites/#comment-472346
No title found,https://www.digitalvidya.com/blog/article-submission-sites/#comment-473943
No title found,https://www.digitalvidya.com/blog/article-submission-sites/#comment-474074
No title found,https://www.digitalvidya.com/blog/article-submission-sites/#comment-474133
No title found,https://www.digitalvidya.com/blog/article-submission-sites/#comment-474381
No title found,https://www.digitalvidya.com/blog/article-submission-sites/#comment-474393
No title found,https://www.digitalvidya.com/blog/article-submission-sites/#comment-474405
No title found,https://www.digitalvidya.com/blog/article-submission-sites/#comment-474753
No title found,https://www.digitalvidya.com/blog/article-submission-sites/#comment-475541
No title found,https://www.digitalvidya.com/blog/article-submission-sites/#comment-477025
No title found,https://www.digitalvidya.com/blog/article-submission-sites/#comment-477083
No title found,https://www.digitalvidya.com/blog/article-submission-sites/#comment-477245
No title found,https://www.digitalvidya.com/blog/article-submission-sites/#comment-477467
No title found,https://www.digitalvidya.com/blog/article-submission-sites/#comment-477530
No title found,https://www.digitalvidya.com/blog/article-submission-sites/#comment-477543
No title found,https://www.digitalvidya.com/blog/article-submission-sites/#comment-477892
No title found,https://www.digitalvidya.com/blog/article-submission-sites/#comment-477909
No title found,https://www.digitalvidya.com/blog/article-submission-sites/#comment-477911
No title found,https://www.digitalvidya.com/blog/article-submission-sites/#comment-477914
No title found,https://www.digitalvidya.com/blog/article-submission-sites/#comment-478052
No title found,https://www.digitalvidya.com/blog/article-submission-sites/#comment-479763
No title found,https://www.digitalvidya.com/blog/article-submission-sites/#comment-480600
No title found,https://www.digitalvidya.com/blog/article-submission-sites/#comment-480601
No title found,https://www.digitalvidya.com/blog/article-submission-sites/#comment-480646
No title found,https://www.digitalvidya.com/blog/article-submission-sites/#comment-480717
No title found,https://www.digitalvidya.com/blog/article-submission-sites/#comment-480718
No title found,https://www.digitalvidya.com/blog/article-submission-sites/#comment-480851
No title found,https://www.digitalvidya.com/blog/article-submission-sites/#comment-480922
No title found,https://www.digitalvidya.com/blog/article-submission-sites/#comment-480923
No title found,https://www.digitalvidya.com/blog/article-submission-sites/#comment-481084
No title found,https://www.digitalvidya.com/blog/article-submission-sites/#comment-481085
No title found,https://www.digitalvidya.com/blog/article-submission-sites/#comment-481086
No title found,https://www.digitalvidya.com/blog/article-submission-sites/#comment-481106
No title found,https://www.digitalvidya.com/blog/article-submission-sites/#comment-481119
No title found,https://www.digitalvidya.com/blog/article-submission-sites/#comment-482757
No title found,https://www.digitalvidya.com/blog/article-submission-sites/#comment-483082
No title found,https://www.digitalvidya.com/blog/article-submission-sites/#comment-483437
No title found,https://www.digitalvidya.com/blog/article-submission-sites/#comment-483956
No title found,https://www.digitalvidya.com/blog/article-submission-sites/#comment-483958
No title found,https://www.digitalvidya.com/blog/article-submission-sites/#comment-483971
No title found,https://www.digitalvidya.com/blog/article-submission-sites/#comment-484447
No title found,https://www.digitalvidya.com/blog/article-submission-sites/#comment-484525
No title found,https://www.digitalvidya.com/blog/article-submission-sites/#comment-485574
No title found,https://www.digitalvidya.com/blog/article-submission-sites/#comment-486175
No title found,https://www.digitalvidya.com/blog/article-submission-sites/#comment-486483
No title found,https://www.digitalvidya.com/blog/article-submission-sites/#comment-486705
No title found,https://www.digitalvidya.com/blog/article-submission-sites/#comment-487212
No title found,https://www.digitalvidya.com/blog/article-submission-sites/#comment-487298
No title found,https://www.digitalvidya.com/blog/article-submission-sites/#comment-487861
No title found,https://www.digitalvidya.com/blog/article-submission-sites/#comment-488227
No title found,https://www.digitalvidya.com/blog/article-submission-sites/#comment-488996
No title found,https://www.digitalvidya.com/blog/article-submission-sites/#comment-489127
No title found,https://www.digitalvidya.com/blog/article-submission-sites/#comment-491786
No title found,https://www.digitalvidya.com/blog/article-submission-sites/#comment-493106
No title found,https://www.digitalvidya.com/blog/article-submission-sites/#comment-493126
No title found,https://www.digitalvidya.com/blog/article-submission-sites/#comment-493139
No title found,https://www.digitalvidya.com/blog/article-submission-sites/#comment-493140
No title found,https://www.digitalvidya.com/blog/article-submission-sites/#comment-493604
No title found,https://www.digitalvidya.com/blog/article-submission-sites/#comment-493605
No title found,https://www.digitalvidya.com/blog/article-submission-sites/#comment-493770
No title found,https://www.digitalvidya.com/blog/article-submission-sites/#comment-494388
No title found,https://www.digitalvidya.com/blog/article-submission-sites/#comment-494750
No title found,https://www.digitalvidya.com/blog/article-submission-sites/#comment-494932
No title found,https://www.digitalvidya.com/blog/article-submission-sites/#comment-494972
No title found,https://www.digitalvidya.com/blog/article-submission-sites/#comment-512554
No title found,https://www.digitalvidya.com/blog/article-submission-sites/#comment-495343
No title found,https://www.digitalvidya.com/blog/article-submission-sites/#comment-496439
No title found,https://www.digitalvidya.com/blog/article-submission-sites/#comment-498536
No title found,https://www.digitalvidya.com/blog/article-submission-sites/#comment-499977
No title found,https://www.digitalvidya.com/blog/article-submission-sites/#comment-500028
No title found,https://www.digitalvidya.com/blog/article-submission-sites/#comment-501114
No title found,https://www.digitalvidya.com/blog/article-submission-sites/#comment-501116
No title found,https://www.digitalvidya.com/blog/article-submission-sites/#comment-501225
No title found,https://www.digitalvidya.com/blog/article-submission-sites/#comment-501348
No title found,https://www.digitalvidya.com/blog/article-submission-sites/#comment-502220
No title found,https://www.digitalvidya.com/blog/article-submission-sites/#comment-502414
No title found,https://www.digitalvidya.com/blog/article-submission-sites/#comment-502920
No title found,https://www.digitalvidya.com/blog/article-submission-sites/#comment-503128
No title found,https://www.digitalvidya.com/blog/article-submission-sites/#comment-503130
No title found,https://www.digitalvidya.com/blog/article-submission-sites/#comment-503133
No title found,https://www.digitalvidya.com/blog/article-submission-sites/#comment-503134
No title found,https://www.digitalvidya.com/blog/article-submission-sites/#comment-503135
No title found,https://www.digitalvidya.com/blog/article-submission-sites/#comment-503136
No title found,https://www.digitalvidya.com/blog/article-submission-sites/#comment-504352
No title found,https://www.digitalvidya.com/blog/article-submission-sites/#comment-504779
No title found,https://www.digitalvidya.com/blog/article-submission-sites/#comment-505583
No title found,https://www.digitalvidya.com/blog/article-submission-sites/#comment-505586
No title found,https://www.digitalvidya.com/blog/article-submission-sites/#comment-505595
No title found,https://www.digitalvidya.com/blog/article-submission-sites/#comment-505765
No title found,https://www.digitalvidya.com/blog/article-submission-sites/#comment-506096
No title found,https://www.digitalvidya.com/blog/article-submission-sites/#comment-506920
No title found,https://www.digitalvidya.com/blog/article-submission-sites/#comment-508021
No title found,https://www.digitalvidya.com/blog/article-submission-sites/#comment-508148
No title found,https://www.digitalvidya.com/blog/article-submission-sites/#comment-508150
No title found,https://www.digitalvidya.com/blog/article-submission-sites/#comment-508151
No title found,https://www.digitalvidya.com/blog/article-submission-sites/#comment-508292
No title found,https://www.digitalvidya.com/blog/article-submission-sites/#comment-508389
No title found,https://www.digitalvidya.com/blog/article-submission-sites/#comment-508481
No title found,https://www.digitalvidya.com/blog/article-submission-sites/#comment-508717
No title found,https://www.digitalvidya.com/blog/article-submission-sites/#comment-509288
No title found,https://www.digitalvidya.com/blog/article-submission-sites/#comment-509289
No title found,https://www.digitalvidya.com/blog/article-submission-sites/#comment-509836
No title found,https://www.digitalvidya.com/blog/article-submission-sites/#comment-509919
No title found,https://www.digitalvidya.com/blog/article-submission-sites/#comment-509923
No title found,https://www.digitalvidya.com/blog/article-submission-sites/#comment-509924
No title found,https://www.digitalvidya.com/blog/article-submission-sites/#comment-509939
No title found,https://www.digitalvidya.com/blog/article-submission-sites/#comment-510229
No title found,https://www.digitalvidya.com/blog/article-submission-sites/#comment-510850
No title found,https://www.digitalvidya.com/blog/article-submission-sites/#comment-510937
No title found,https://www.digitalvidya.com/blog/article-submission-sites/#comment-511536
No title found,https://www.digitalvidya.com/blog/article-submission-sites/#comment-511755
No title found,https://www.digitalvidya.com/blog/article-submission-sites/#comment-512071
No title found,https://www.digitalvidya.com/blog/article-submission-sites/#comment-512119
No title found,https://www.digitalvidya.com/blog/article-submission-sites/#comment-512120
No title found,https://www.digitalvidya.com/blog/article-submission-sites/#comment-512193
No title found,https://www.digitalvidya.com/blog/article-submission-sites/#comment-512331
No title found,https://www.digitalvidya.com/blog/article-submission-sites/#comment-512333
No title found,https://www.digitalvidya.com/blog/article-submission-sites/#comment-512388
No title found,https://www.digitalvidya.com/blog/article-submission-sites/#comment-513612
No title found,https://www.digitalvidya.com/blog/article-submission-sites/#comment-513826
No title found,https://www.digitalvidya.com/blog/article-submission-sites/#comment-514392
No title found,https://www.digitalvidya.com/blog/article-submission-sites/#comment-514393
No title found,https://www.digitalvidya.com/blog/article-submission-sites/#comment-514394
No title found,https://www.digitalvidya.com/blog/article-submission-sites/#comment-514663
No title found,https://www.digitalvidya.com/blog/article-submission-sites/#comment-514696
No title found,https://www.digitalvidya.com/blog/article-submission-sites/#comment-515129
No title found,https://www.digitalvidya.com/blog/article-submission-sites/#comment-515730
No title found,https://www.digitalvidya.com/blog/article-submission-sites/#comment-515849
No title found,https://www.digitalvidya.com/blog/article-submission-sites/#comment-515850
No title found,https://www.digitalvidya.com/blog/article-submission-sites/#comment-515851
No title found,https://www.digitalvidya.com/blog/article-submission-sites/#comment-516271
No title found,https://www.digitalvidya.com/blog/article-submission-sites/#comment-516272
No title found,https://www.digitalvidya.com/blog/article-submission-sites/#comment-516423
No title found,https://www.digitalvidya.com/blog/article-submission-sites/#comment-516475
No title found,https://www.digitalvidya.com/blog/article-submission-sites/#comment-517044
No title found,https://www.digitalvidya.com/blog/article-submission-sites/#comment-517664
No title found,https://www.digitalvidya.com/blog/article-submission-sites/#comment-517674
No title found,https://www.digitalvidya.com/blog/article-submission-sites/#comment-518679
No title found,https://www.digitalvidya.com/blog/article-submission-sites/#comment-519955
No title found,https://www.digitalvidya.com/blog/article-submission-sites/#comment-520359
No title found,https://www.digitalvidya.com/blog/article-submission-sites/#comment-520361
No title found,https://www.digitalvidya.com/blog/article-submission-sites/#comment-520653
No title found,https://www.digitalvidya.com/blog/article-submission-sites/#comment-520718
No title found,https://www.digitalvidya.com/blog/article-submission-sites/#comment-521320
No title found,https://www.digitalvidya.com/blog/article-submission-sites/#comment-521604
No title found,https://www.digitalvidya.com/blog/article-submission-sites/#comment-521706
No title found,https://www.digitalvidya.com/blog/article-submission-sites/#comment-521872
No title found,https://www.digitalvidya.com/blog/article-submission-sites/#comment-521876
No title found,https://www.digitalvidya.com/blog/article-submission-sites/#comment-523417
No title found,https://www.digitalvidya.com/blog/article-submission-sites/#comment-523446
No title found,https://www.digitalvidya.com/blog/article-submission-sites/#comment-523610
No title found,https://www.digitalvidya.com/blog/article-submission-sites/#comment-523773
No title found,https://www.digitalvidya.com/blog/article-submission-sites/#comment-524027
No title found,https://www.digitalvidya.com/blog/article-submission-sites/#comment-524725
No title found,https://www.digitalvidya.com/blog/article-submission-sites/#comment-525441
No title found,https://www.digitalvidya.com/blog/article-submission-sites/#comment-528674
No title found,https://www.digitalvidya.com/blog/article-submission-sites/#comment-531986
No title found,https://www.digitalvidya.com/blog/article-submission-sites/#comment-533701
No title found,https://www.digitalvidya.com/blog/article-submission-sites/#comment-535046
No title found,https://www.digitalvidya.com/blog/article-submission-sites/#comment-536890
No title found,https://www.digitalvidya.com/blog/article-submission-sites/#comment-537929
No title found,https://www.digitalvidya.com/blog/article-submission-sites/#comment-539436
No title found,https://www.digitalvidya.com/blog/article-submission-sites/#comment-539959
No title found,https://www.digitalvidya.com/blog/article-submission-sites/#comment-542023
No title found,https://www.digitalvidya.com/blog/article-submission-sites/#comment-542501
No title found,https://www.digitalvidya.com/blog/article-submission-sites/#comment-544455
No title found,https://www.digitalvidya.com/blog/article-submission-sites/#comment-546110
No title found,https://www.digitalvidya.com/blog/article-submission-sites/#comment-546822
No title found,https://www.digitalvidya.com/blog/article-submission-sites/#comment-546918
No title found,https://www.digitalvidya.com/blog/article-submission-sites/#comment-549825
No title found,https://www.digitalvidya.com/blog/article-submission-sites/#comment-550691
No title found,https://www.digitalvidya.com/blog/article-submission-sites/#comment-553161
No title found,https://www.digitalvidya.com/blog/article-submission-sites/#comment-553879
No title found,https://www.digitalvidya.com/blog/article-submission-sites/#comment-555770
No title found,https://www.digitalvidya.com/blog/article-submission-sites/#comment-556413
No title found,https://www.digitalvidya.com/blog/article-submission-sites/#comment-556492
No title found,https://www.digitalvidya.com/blog/article-submission-sites/#comment-556609
No title found,https://www.digitalvidya.com/blog/article-submission-sites/#comment-556751
No title found,https://www.digitalvidya.com/blog/article-submission-sites/#comment-558203
No title found,https://www.digitalvidya.com/blog/article-submission-sites/#comment-561686
No title found,https://www.digitalvidya.com/blog/article-submission-sites/#comment-561766
No title found,https://www.digitalvidya.com/blog/article-submission-sites/#comment-561877
No title found,https://www.digitalvidya.com/blog/article-submission-sites/#comment-562204
No title found,https://www.digitalvidya.com/blog/article-submission-sites/#comment-562895
No title found,https://www.digitalvidya.com/blog/article-submission-sites/#comment-563041
No title found,https://www.digitalvidya.com/blog/article-submission-sites/#comment-565043
No title found,https://www.digitalvidya.com/blog/article-submission-sites/#comment-565871
No title found,https://www.digitalvidya.com/blog/article-submission-sites/#comment-565958
No title found,https://www.digitalvidya.com/blog/article-submission-sites/#comment-565966
No title found,https://www.digitalvidya.com/blog/article-submission-sites/#comment-566125
No title found,https://www.digitalvidya.com/blog/article-submission-sites/#comment-567478
No title found,https://www.digitalvidya.com/blog/article-submission-sites/#comment-567500
No title found,https://www.digitalvidya.com/blog/article-submission-sites/#comment-568684
No title found,https://www.digitalvidya.com/blog/article-submission-sites/#comment-569091
No title found,https://www.digitalvidya.com/blog/article-submission-sites/#comment-569198
No title found,https://www.digitalvidya.com/blog/article-submission-sites/#comment-569598
No title found,https://www.digitalvidya.com/blog/article-submission-sites/#comment-569909
No title found,https://www.digitalvidya.com/blog/article-submission-sites/#comment-570694
No title found,https://www.digitalvidya.com/blog/article-submission-sites/#comment-571198
No title found,https://www.digitalvidya.com/blog/article-submission-sites/#comment-571484
No title found,https://www.digitalvidya.com/blog/article-submission-sites/#comment-571288
No title found,https://www.digitalvidya.com/blog/article-submission-sites/#comment-571485
No title found,https://www.digitalvidya.com/blog/article-submission-sites/#comment-581604
No title found,https://www.digitalvidya.com/blog/article-submission-sites/#comment-581889
No title found,https://www.digitalvidya.com/blog/article-submission-sites/#comment-583214
No title found,https://www.digitalvidya.com/blog/article-submission-sites/#comment-583515
No title found,https://www.digitalvidya.com/blog/article-submission-sites/#comment-584222
No title found,https://www.digitalvidya.com/blog/article-submission-sites/#comment-584815
No title found,https://www.digitalvidya.com/blog/article-submission-sites/#comment-585115
No title found,https://www.digitalvidya.com/blog/article-submission-sites/#comment-585177
No title found,https://www.digitalvidya.com/blog/article-submission-sites/#comment-585174
No title found,https://www.digitalvidya.com/blog/article-submission-sites/#comment-585175
No title found,https://www.digitalvidya.com/blog/article-submission-sites/#comment-585923
No title found,https://www.digitalvidya.com/blog/article-submission-sites/#comment-587081
No title found,https://www.digitalvidya.com/blog/article-submission-sites/#comment-587038
No title found,https://www.digitalvidya.com/blog/article-submission-sites/#comment-587080
No title found,https://www.digitalvidya.com/blog/article-submission-sites/#comment-589753
No title found,https://www.digitalvidya.com/blog/article-submission-sites/#comment-590194
No title found,https://www.digitalvidya.com/blog/article-submission-sites/#comment-595676
No title found,https://www.digitalvidya.com/blog/article-submission-sites/#comment-595913
No title found,https://www.digitalvidya.com/blog/article-submission-sites/#comment-609871
No title found,https://www.digitalvidya.com/blog/article-submission-sites/#comment-609900
No title found,https://www.digitalvidya.com/blog/article-submission-sites/#comment-609873
No title found,https://www.digitalvidya.com/blog/article-submission-sites/#comment-609899
No title found,https://www.digitalvidya.com/blog/article-submission-sites/#comment-610544
No title found,https://www.digitalvidya.com/blog/article-submission-sites/#comment-610566
No title found,https://www.digitalvidya.com/blog/article-submission-sites/#comment-610567
No title found,https://www.digitalvidya.com/blog/article-submission-sites/#comment-610568
No title found,https://www.digitalvidya.com/blog/article-submission-sites/#comment-611322
No title found,https://www.digitalvidya.com/blog/article-submission-sites/#comment-611558
No title found,https://www.digitalvidya.com/blog/article-submission-sites/#comment-612024
No title found,https://www.digitalvidya.com/blog/article-submission-sites/#comment-613607
No title found,https://www.digitalvidya.com/blog/article-submission-sites/#comment-615345
No title found,https://www.digitalvidya.com/blog
No title found,https://www.digitalvidya.com/blog/article-submission-sites/#comment-616103
No title found,https://www.digitalvidya.com/blog
No title found,https://www.digitalvidya.com/blog/article-submission-sites/#comment-617571
No title found,https://www.digitalvidya.com/blog
No title found,https://www.digitalvidya.com/blog/article-submission-sites/#comment-617590
No title found,https://www.digitalvidya.com/blog
No title found,https://www.digitalvidya.com/blog/article-submission-sites/#comment-619610
No title found,https://www.digitalvidya.com/blog
No title found,https://www.digitalvidya.com/blog/article-submission-sites/#comment-622207
No title found,https://www.digitalvidya.com/blog
No title found,https://www.digitalvidya.com/blog/article-submission-sites/#comment-623596
No title found,https://www.digitalvidya.com/blog
No title found,https://www.digitalvidya.com/blog/article-submission-sites/#comment-625190
No title found,https://www.digitalvidya.com/blog
No title found,https://www.digitalvidya.com/blog/article-submission-sites/#comment-632277
No title found,https://www.digitalvidya.com/blog
No title found,https://www.digitalvidya.com/blog/article-submission-sites/#comment-625433
No title found,https://www.digitalvidya.com/blog
No title found,https://www.digitalvidya.com/blog/article-submission-sites/#comment-625561
No title found,https://www.digitalvidya.com/blog
No title found,https://www.digitalvidya.com/blog/article-submission-sites/#comment-625584
No title found,https://www.digitalvidya.com/blog
No title found,https://www.digitalvidya.com/blog/article-submission-sites/#comment-628739
No title found,https://www.digitalvidya.com/blog
No title found,https://www.digitalvidya.com/blog/article-submission-sites/#comment-629367
No title found,https://www.digitalvidya.com/blog
No title found,https://www.digitalvidya.com/blog/article-submission-sites/#comment-632951
No title found,https://www.digitalvidya.com/blog
No title found,https://www.digitalvidya.com/blog/article-submission-sites/#comment-635250
No title found,https://www.digitalvidya.com/blog
No title found,https://www.digitalvidya.com/blog/digital-marketing-courses-in-hyderabad/
No title found,https://www.digitalvidya.com/blog/digital-marketing-courses-in-agra/
No title found,https://www.digitalvidya.com/blog/digital-marketing-courses-in-lucknow/
No title found,https://www.digitalvidya.com/blog/career-in-performance-marketing/
No title found,https://www.digitalvidya.com/blog/career-counselling/
No title found,https://www.digitalvidya.com/blog/career-options-after-10th/
